{
    "1293376734.34837317_sc00113_c1_PAN_i0000000200": {
        "GCPs": {
            "1": {
                "row": 814,
                "col": 1912
            },
            "2": {
                "row": 549,
                "col": 1792
            },
            "3": {
                "row": 460,
                "col": 2018
            }
        },
        "GSD": 0.9686630016492578
    }
}