{
    "1291951336.19337702_sc00103_c1_PAN_i0000000100": {
        "GCPs": {
            "1": {
                "row": 290,
                "col": 408
            },
            "2": {
                "row": 860,
                "col": 812
            },
            "3": {
                "row": 470,
                "col": 42
            },
            "4": {
                "row": 680,
                "col": 1065
            }
        },
        "GSD": 0.868438015393073
    },
    "1291951336.84309149_sc00103_c1_PAN_i0000000130": {
        "GCPs": {
            "5": {
                "row": 209,
                "col": 2394
            },
            "6": {
                "row": 933,
                "col": 1784
            },
            "7": {
                "row": 277,
                "col": 264
            }
        },
        "GSD": 0.8661682242990654
    },
    "1291951335.11095381_sc00103_c1_PAN_i0000000050": {
        "GCPs": {
            "8": {
                "row": 258,
                "col": 809
            },
            "9": {
                "row": 706,
                "col": 1599
            },
            "10": {
                "row": 315,
                "col": 1593
            }
        },
        "GSD": 0.8724285321605276
    }
}