{
    "1293562080.02321601_sc00113_c1_PAN_i0000000185": {
        "GCPs": {
            "1": {
                "col": 1657,
                "row": 994
            },
            "2": {
                "row": 711,
                "col": 1619
            },
            "3": {
                "row": 755,
                "col": 1080
            },
            "4": {
                "row": 54,
                "col": 2096
            }
        },
        "GSD": 0.8993896371632765
    },
    "1293562079.26564479_sc00113_c1_PAN_i0000000150": {
        "GCPs": {
            "5": {
                "row": 797,
                "col": 1999
            },
            "6": {
                "row": 874,
                "col": 2114
            },
            "7": {
                "row": 618,
                "col": 2461
            }
        },
        "GSD": 0.9048644859813084
    },
    "1293562079.69835258_sc00113_c1_PAN_i0000000170": {
        "GCPs": {
            "8": {
                "row": 265,
                "col": 1503
            },
            "9": {
                "row": 572,
                "col": 1103
            },
            "10": {
                "row": 401,
                "col": 413
            }
        },
        "GSD": 0.9004333424958768
    }
}